{
    "head": {
        "optimistic": {
            "adjusted_inverse_harmonic_mean_rank": 0.05239363266983903,
            "inverse_harmonic_mean_rank": 0.14760372650346468,
            "inverse_arithmetic_mean_rank": 0.06666666666666667,
            "inverse_geometric_mean_rank": 0.09193975727365541,
            "adjusted_arithmetic_mean_rank": 0.6705882352941177,
            "inverse_median_rank": 0.0625,
            "adjusted_geometric_mean_rank_index": 0.3985134750901457,
            "median_absolute_deviation": 11.860817748044816,
            "adjusted_arithmetic_mean_rank_index": 0.34482758620689646,
            "variance": 93.15789473684211,
            "z_inverse_harmonic_mean_rank": 1.2436649204899006,
            "geometric_mean_rank": 10.876687405466338,
            "harmonic_mean_rank": 6.7748967027368865,
            "arithmetic_mean_rank": 15.0,
            "z_arithmetic_mean_rank": 2.5329255708817904,
            "count": 19.0,
            "z_geometric_mean_rank": 1.9243092492642737,
            "standard_deviation": 9.651833749958715,
            "median_rank": 16.0,
            "hits_at_1": 0.0,
            "hits_at_3": 0.15789473684210525,
            "hits_at_5": 0.21052631578947367,
            "hits_at_10": 0.47368421052631576,
            "z_hits_at_k": 2.5158638265466884,
            "adjusted_hits_at_k": 0.3157253467294605
        },
        "realistic": {
            "adjusted_inverse_harmonic_mean_rank": 0.05239362591416179,
            "inverse_harmonic_mean_rank": 0.14760372042655945,
            "inverse_arithmetic_mean_rank": 0.06666667014360428,
            "inverse_geometric_mean_rank": 0.0919397622346878,
            "adjusted_arithmetic_mean_rank": 0.6705882352941177,
            "inverse_median_rank": 0.0625,
            "adjusted_geometric_mean_rank_index": 0.3985134967460886,
            "median_absolute_deviation": 11.860817748044816,
            "adjusted_arithmetic_mean_rank_index": 0.34482758620689646,
            "variance": 93.15789794921875,
            "z_inverse_harmonic_mean_rank": 1.2436647601307436,
            "geometric_mean_rank": 10.876687049865723,
            "harmonic_mean_rank": 6.77489698166214,
            "arithmetic_mean_rank": 15.0,
            "z_arithmetic_mean_rank": 2.5329255708817904,
            "count": 19.0,
            "z_geometric_mean_rank": 1.924309353834718,
            "standard_deviation": 9.651833534240723,
            "median_rank": 16.0,
            "hits_at_1": 0.0,
            "hits_at_3": 0.15789473684210525,
            "hits_at_5": 0.21052631578947367,
            "hits_at_10": 0.47368421052631576,
            "z_hits_at_k": 2.5158638265466884,
            "adjusted_hits_at_k": 0.3157253467294605
        },
        "pessimistic": {
            "adjusted_inverse_harmonic_mean_rank": 0.05239363266983903,
            "inverse_harmonic_mean_rank": 0.14760372650346468,
            "inverse_arithmetic_mean_rank": 0.06666666666666667,
            "inverse_geometric_mean_rank": 0.09193975727365541,
            "adjusted_arithmetic_mean_rank": 0.6705882352941177,
            "inverse_median_rank": 0.0625,
            "adjusted_geometric_mean_rank_index": 0.3985134750901457,
            "median_absolute_deviation": 11.860817748044816,
            "adjusted_arithmetic_mean_rank_index": 0.34482758620689646,
            "variance": 93.15789473684211,
            "z_inverse_harmonic_mean_rank": 1.2436649204899006,
            "geometric_mean_rank": 10.876687405466338,
            "harmonic_mean_rank": 6.7748967027368865,
            "arithmetic_mean_rank": 15.0,
            "z_arithmetic_mean_rank": 2.5329255708817904,
            "count": 19.0,
            "z_geometric_mean_rank": 1.9243092492642737,
            "standard_deviation": 9.651833749958715,
            "median_rank": 16.0,
            "hits_at_1": 0.0,
            "hits_at_3": 0.15789473684210525,
            "hits_at_5": 0.21052631578947367,
            "hits_at_10": 0.47368421052631576,
            "z_hits_at_k": 2.5158638265466884,
            "adjusted_hits_at_k": 0.3157253467294605
        }
    },
    "tail": {
        "optimistic": {
            "adjusted_inverse_harmonic_mean_rank": 0.10036532997796506,
            "inverse_harmonic_mean_rank": 0.1809261216702233,
            "inverse_arithmetic_mean_rank": 0.1,
            "inverse_geometric_mean_rank": 0.13011712036771517,
            "adjusted_arithmetic_mean_rank": 0.38974358974358975,
            "inverse_median_rank": 0.1,
            "adjusted_geometric_mean_rank_index": 0.6480501488616073,
            "median_absolute_deviation": 7.41301109252801,
            "adjusted_arithmetic_mean_rank_index": 0.6350053361792957,
            "variance": 43.473684210526315,
            "z_inverse_harmonic_mean_rank": 2.5559546876601646,
            "geometric_mean_rank": 7.685383731010707,
            "harmonic_mean_rank": 5.527117868710604,
            "arithmetic_mean_rank": 10.0,
            "z_arithmetic_mean_rank": 4.6996309071216436,
            "count": 19.0,
            "z_geometric_mean_rank": 3.1158119711478314,
            "standard_deviation": 6.593457682470277,
            "median_rank": 10.0,
            "hits_at_1": 0.0,
            "hits_at_3": 0.21052631578947367,
            "hits_at_5": 0.3157894736842105,
            "hits_at_10": 0.5789473684210527,
            "z_hits_at_k": 4.152695124761667,
            "adjusted_hits_at_k": 0.47449768160741884
        },
        "realistic": {
            "adjusted_inverse_harmonic_mean_rank": 0.10036532190563284,
            "inverse_harmonic_mean_rank": 0.180926114320755,
            "inverse_arithmetic_mean_rank": 0.10000000149011612,
            "inverse_geometric_mean_rank": 0.13011713325977325,
            "adjusted_arithmetic_mean_rank": 0.38974358974358975,
            "inverse_median_rank": 0.10000000149011612,
            "adjusted_geometric_mean_rank_index": 0.6480501705067796,
            "median_absolute_deviation": 7.41301109252801,
            "adjusted_arithmetic_mean_rank_index": 0.6350053361792957,
            "variance": 43.47368240356445,
            "z_inverse_harmonic_mean_rank": 2.5559544820860345,
            "geometric_mean_rank": 7.685383319854736,
            "harmonic_mean_rank": 5.527118093229754,
            "arithmetic_mean_rank": 10.0,
            "z_arithmetic_mean_rank": 4.6996309071216436,
            "count": 19.0,
            "z_geometric_mean_rank": 3.1158120752173804,
            "standard_deviation": 6.5934576988220215,
            "median_rank": 10.0,
            "hits_at_1": 0.0,
            "hits_at_3": 0.21052631578947367,
            "hits_at_5": 0.3157894736842105,
            "hits_at_10": 0.5789473684210527,
            "z_hits_at_k": 4.152695124761667,
            "adjusted_hits_at_k": 0.47449768160741884
        },
        "pessimistic": {
            "adjusted_inverse_harmonic_mean_rank": 0.10036532997796506,
            "inverse_harmonic_mean_rank": 0.1809261216702233,
            "inverse_arithmetic_mean_rank": 0.1,
            "inverse_geometric_mean_rank": 0.13011712036771517,
            "adjusted_arithmetic_mean_rank": 0.38974358974358975,
            "inverse_median_rank": 0.1,
            "adjusted_geometric_mean_rank_index": 0.6480501488616073,
            "median_absolute_deviation": 7.41301109252801,
            "adjusted_arithmetic_mean_rank_index": 0.6350053361792957,
            "variance": 43.473684210526315,
            "z_inverse_harmonic_mean_rank": 2.5559546876601646,
            "geometric_mean_rank": 7.685383731010707,
            "harmonic_mean_rank": 5.527117868710604,
            "arithmetic_mean_rank": 10.0,
            "z_arithmetic_mean_rank": 4.6996309071216436,
            "count": 19.0,
            "z_geometric_mean_rank": 3.1158119711478314,