{"text": " A Bichon-Thrise is the definition of a low-energy lapdog. They are very friendly, easy to train, and can remain independent if you're stuck at work all day and have to leave them at home. The Bichon-Thrise is hypoallergenic and doesn't shed, but will need to be groomed every 6 to 12 weeks because of their dense undercoat. They also have tiny legs, and so you don't have to go too...", "segments": [{"id": 0, "seek": 0, "start": 0.0, "end": 4.0, "text": " A Bichon-Thrise is the definition of a low-energy lapdog.", "tokens": [50365, 316, 363, 480, 266, 12, 51, 1703, 908, 307, 264, 7123, 295, 257, 2295, 12, 49016, 13214, 14833, 13, 50565], "temperature": 0.0, "avg_logprob": -0.1484520027229378, "compression_ratio": 1.5867768595041323, "no_speech_prob": 7.899862946962599e-13}, {"id": 1, "seek": 0, "start": 4.26, "end": 9.6, "text": " They are very friendly, easy to train, and can remain independent if you're stuck at work all day and have to leave them at home.", "tokens": [50578, 814, 366, 588, 9208, 11, 1858, 281, 3847, 11, 293, 393, 6222, 6695, 498, 291, 434, 5541, 412, 589, 439, 786, 293, 362, 281, 1856, 552, 412, 1280, 13, 50845], "temperature": 0.0, "avg_logprob": -0.1484520027229378, "compression_ratio": 1.5867768595041323, "no_speech_prob": 7.899862946962599e-13}, {"id": 2, "seek": 0, "start": 9.92, "end": 16.72, "text": " The Bichon-Thrise is hypoallergenic and doesn't shed, but will need to be groomed every 6 to 12 weeks because of their dense undercoat.", "tokens": [50861, 440, 363, 480, 266, 12, 51, 1703, 908, 307, 2477, 2259, 22414, 1766, 299, 293, 1177, 380, 14951, 11, 457, 486, 643, 281, 312, 22198, 292, 633, 1386, 281, 2272, 3259, 570, 295, 641, 18011, 833, 36788, 13, 51201], "temperature": 0.0, "avg_logprob": -0.1484520027229378, "compression_ratio": 1.5867768595041323, "no_speech_prob": 7.899862946962599e-13}, {"id": 3, "seek": 0, "start": 17.02, "end": 19.56, "text": " They also have tiny legs, and so you don't have to go too...", "tokens": [51216, 814, 611, 362, 5870, 5668, 11, 293, 370, 291, 500, 380, 362, 281, 352, 886, 485, 51343], "temperature": 0.0, "avg_logprob": -0.1484520027229378, "compression_ratio": 1.5867768595041323, "no_speech_prob": 7.899862946962599e-13}], "language": "English"}