{"text": " Well, first off, we have the Maltese Poodlemix, or Maltipoo, as they're referred to by many. This breed is intelligent, affectionate, and extremely social, and love to cuddle or seek attention from their owners. They are small dogs, too, ranging from 5 to 20 pounds, making for great apartment animals, and are also non-shedding and hypoallergenic.", "segments": [{"id": 0, "seek": 0, "start": 0.0, "end": 5.7, "text": " Well, first off, we have the Maltese Poodlemix, or Maltipoo, as they're referred to by many.", "tokens": [50365, 1042, 11, 700, 766, 11, 321, 362, 264, 376, 3198, 1130, 430, 1816, 10386, 970, 11, 420, 376, 3198, 647, 1986, 11, 382, 436, 434, 10839, 281, 538, 867, 13, 50650], "temperature": 0.0, "avg_logprob": -0.10875824519566127, "compression_ratio": 1.5064935064935066, "no_speech_prob": 7.148913622537223e-13}, {"id": 1, "seek": 0, "start": 6.3, "end": 11.8, "text": " This breed is intelligent, affectionate, and extremely social, and love to cuddle or seek", "tokens": [50680, 639, 18971, 307, 13232, 11, 20080, 473, 11, 293, 4664, 2093, 11, 293, 959, 281, 40287, 2285, 420, 8075, 50955], "temperature": 0.0, "avg_logprob": -0.10875824519566127, "compression_ratio": 1.5064935064935066, "no_speech_prob": 7.148913622537223e-13}, {"id": 2, "seek": 0, "start": 11.8, "end": 17.0, "text": " attention from their owners. They are small dogs, too, ranging from 5 to 20 pounds, making for", "tokens": [50955, 3202, 490, 641, 7710, 13, 814, 366, 1359, 7197, 11, 886, 11, 25532, 490, 1025, 281, 945, 8319, 11, 1455, 337, 51215], "temperature": 0.0, "avg_logprob": -0.10875824519566127, "compression_ratio": 1.5064935064935066, "no_speech_prob": 7.148913622537223e-13}, {"id": 3, "seek": 0, "start": 17.0, "end": 21.18, "text": " great apartment animals, and are also non-shedding and hypoallergenic.", "tokens": [51215, 869, 9587, 4882, 11, 293, 366, 611, 2107, 12, 2716, 292, 3584, 293, 2477, 2259, 22414, 1766, 299, 13, 51424], "temperature": 0.0, "avg_logprob": -0.10875824519566127, "compression_ratio": 1.5064935064935066, "no_speech_prob": 7.148913622537223e-13}], "language": "English"}