,mfcc_mean_1,mfcc_mean_2,mfcc_mean_3,mfcc_mean_4,mfcc_mean_5,mfcc_mean_6,mfcc_mean_7,mfcc_mean_8,mfcc_mean_9,mfcc_mean_10,mfcc_mean_11,mfcc_mean_12,mfcc_mean_13,mfcc_mean_14,mfcc_mean_15,mfcc_mean_16,mfcc_mean_17,mfcc_mean_18,mfcc_mean_19,mfcc_mean_20,mfcc_std_1,mfcc_std_2,mfcc_std_3,mfcc_std_4,mfcc_std_5,mfcc_std_6,mfcc_std_7,mfcc_std_8,mfcc_std_9,mfcc_std_10,mfcc_std_11,mfcc_std_12,mfcc_std_13,mfcc_std_14,mfcc_std_15,mfcc_std_16,mfcc_std_17,mfcc_std_18,mfcc_std_19,mfcc_std_20
0,-175.29872,165.75848,-67.62366,63.8322,-4.507617,30.244675,-4.5010743,27.094448,-0.76263076,19.253815,2.7202199,0.9771409,12.827901,-9.447877,10.541037,-10.285056,6.6187806,-4.480041,4.1317782,-2.4895263,32.437622,30.635078,20.102663,12.21538,13.541641,18.547798,11.785282,13.021455,9.62089,8.112181,8.846745,11.227103,12.711938,10.41161,6.9032154,9.102901,12.794447,10.9602,7.8381424,6.381994
1,-155.19429,172.2002,-64.894714,58.18477,-10.456224,31.602121,-9.447001,21.434887,-7.274755,13.186764,0.36316237,-0.7102556,9.275038,-8.705113,12.617608,-8.266774,9.920742,-4.997992,4.983682,-1.6144383,25.024485,19.001488,12.924353,12.320216,13.01573,12.884599,9.054203,9.676455,9.500349,9.345421,7.6094294,6.633779,7.399153,7.6559043,7.369601,7.211466,7.126482,7.673095,6.690162,7.0939364
2,-153.78293,180.69844,-73.85652,54.416172,-7.374567,33.72925,-17.226353,14.283317,-5.3116846,6.1437,1.0457737,-4.9901395,16.950895,-5.261652,6.89377,-5.2714033,7.436364,-0.6004332,8.060618,-0.16846319,47.06781,46.487473,18.863552,36.516502,25.261599,19.37375,13.434537,9.578251,10.600736,7.221172,8.402062,8.052105,8.63611,10.185388,9.919128,7.0764008,5.8123646,11.710006,8.06333,7.65402
3,-163.62585,138.63005,-70.24291,78.864105,-28.373463,31.425434,-16.340117,11.755965,-4.5737734,4.4833794,-1.2378492,-7.8366785,6.9665747,-8.888717,5.742497,-8.706746,4.406701,-9.610629,3.8805559,-4.921499,60.3097,32.14983,23.179562,26.540781,17.211706,14.414316,12.831402,9.566592,9.174243,6.5977507,6.244866,6.6839848,7.768361,8.608436,6.8837414,7.172748,6.417729,6.977415,5.745813,6.2333517
4,-103.29334,125.01899,-71.59797,90.74361,-47.11922,49.755276,-25.389954,25.532137,-9.561658,3.6209626,7.077847,-8.027095,14.64925,-11.849457,15.302359,-7.2382097,15.900437,-0.01426261,10.048266,1.9596193,14.441588,12.221092,10.957318,8.971203,10.396334,7.3698378,7.818303,7.260174,7.774202,7.2199087,7.105648,7.3191466,5.844337,4.457277,7.5390496,7.156527,6.9992404,6.918449,6.679105,4.7708535
