start_time,end_time,label
0.0,61.25351178700987,Periodic
61.25351178700987,141.80101732978298,Chaotic
141.80101732978298,179.37922663385356,Periodic
179.37922663385356,207.88856375546743,Chaotic
207.88856375546743,248.24993089061553,Periodic
248.24993089061553,252.20858046267878,Chaotic
252.20858046267878,266.921854314027,Periodic
266.921854314027,291.4090955099665,Chaotic
291.4090955099665,333.3333333333333,Periodic
