start_time,end_time,label
0.0,104.95426140859692,Positive
104.95426140859692,106.02344431228828,Negative
106.02344431228828,154.9158119475232,Positive
154.9158119475232,159.17635576382082,Negative
159.17635576382082,187.07604591570532,Positive
187.07604591570532,188.45041488870456,Negative
188.45041488870456,273.9982707906396,Positive
273.9982707906396,277.84650391267826,Negative
277.84650391267826,333.3333333333333,Positive
