NOUN,ADJF,INFN,,PREP,INTJ,ADVB,NPRO,CONJ,PRCL,NUMR
0.43333333333333335,0.26666666666666666,0.12222222222222222,0.1,0.03333333333333333,0.011111111111111112,0.022222222222222223,0.011111111111111112,0.0,0.0,0.0
0.6091954022988506,0.22988505747126436,0.09195402298850575,0.022988505747126436,0.011494252873563218,0.0,0.011494252873563218,0.0,0.022988505747126436,0.0,0.0
0.48,0.28,0.1,0.04,0.02,0.0,0.05,0.0,0.02,0.01,0.0
0.5375,0.225,0.1375,0.0,0.05,0.0,0.025,0.0,0.0125,0.0,0.0125
0.4897959183673469,0.3469387755102041,0.12244897959183673,0.0,0.02040816326530612,0.0,0.02040816326530612,0.0,0.0,0.0,0.0
0.43333333333333335,0.35,0.13333333333333333,0.03333333333333333,0.016666666666666666,0.0,0.03333333333333333,0.0,0.0,0.0,0.0
