start_time,end_time,label
0.0,12.030888100752751,Periodic
12.030888100752751,67.2509831596217,Chaotic
67.2509831596217,78.95842380814514,Periodic
78.95842380814514,102.37330510519205,Chaotic
102.37330510519205,112.32462965643698,Periodic
112.32462965643698,171.88567945782782,Chaotic
171.88567945782782,195.83770628257093,Periodic
195.83770628257093,239.9357327253426,Chaotic
239.9357327253426,333.3333333333333,Periodic
